"message_hour_pacific","message_count"
"2026-02-03T05:00:00Z","154"
"2026-02-03T06:00:00Z","1441"
"2026-02-03T07:00:00Z","946"
"2026-02-03T08:00:00Z","907"
"2026-02-03T09:00:00Z","956"
"2026-02-03T10:00:00Z","1067"
"2026-02-03T11:00:00Z","1133"
"2026-02-03T12:00:00Z","1107"
"2026-02-03T13:00:00Z","873"
"2026-02-03T14:00:00Z","818"
"2026-02-03T15:00:00Z","947"
"2026-02-03T16:00:00Z","779"
"2026-02-03T17:00:00Z","319"
"2026-02-03T18:00:00Z","669"
"2026-02-03T19:00:00Z","359"
"2026-02-03T20:00:00Z","686"
"2026-02-03T21:00:00Z","682"
"2026-02-03T22:00:00Z","711"
"2026-02-03T23:00:00Z","670"
"2026-02-04T00:00:00Z","674"
"2026-02-04T01:00:00Z","1067"
"2026-02-04T02:00:00Z","1108"
"2026-02-04T03:00:00Z","1006"
"2026-02-04T04:00:00Z","1190"
"2026-02-04T05:00:00Z","884"
