sample_id,group,adenine,cytidine,GDP_mannose,IMP,CMP,UMP,glucose,glutamate
C01,control,1200,980,450,210,180,195,5200,3100
C02,control,1180,1000,440,205,175,190,5150,3080
C03,control,1210,990,455,208,182,198,5180,3120
N01,normothermic,1190,970,445,215,178,192,5100,3050
N02,normothermic,1175,985,438,212,176,188,5120,3070
N03,normothermic,1205,995,452,218,181,196,5160,3090
H01,hypothermic,820,640,280,520,410,430,4800,2900
H02,hypothermic,790,620,265,535,425,445,4750,2880
H03,hypothermic,810,630,275,528,418,438,4780,2910
