id,user_id,usage_date,agent_id,agent_name,failure_type,failure_reason,message_content,success
f039beba-1b45-4b3a-a066-6341dfe3edf2,user-01KH383ZA4BJBKGSZJXPCSD216,2026-02-10 07:47:30.355095+00:00,44eebe1d-fcb8-4311-8e98-11b8a69737d1,Gabriella,typeerror,'NoneType' object is not iterable,"(I trace the rim of my coffee cup, my gaze flicking up to yours, a hint of mischief in my eyes.) ""So",false
b462f471-8fd9-4c0e-ac92-49504e648c1a,user-01KH383ZA4BJBKGSZJXPCSD216,2026-02-10 07:47:16.237427+00:00,44eebe1d-fcb8-4311-8e98-11b8a69737d1,Gabriella,typeerror,'NoneType' object is not iterable,"(I trace the rim of my coffee cup, my gaze flicking up to yours, a hint of mischief in my eyes.) ""So",false
bdfdcb8e-7f4c-4944-bfd6-41eaa37deff5,user-01KH383ZA4BJBKGSZJXPCSD216,2026-02-10 07:47:12.416093+00:00,44eebe1d-fcb8-4311-8e98-11b8a69737d1,Gabriella,typeerror,'NoneType' object is not iterable,"(I trace the rim of my coffee cup, my gaze flicking up to yours, a hint of mischief in my eyes.) ""So",false
2cfc6508-f68a-4143-b2b7-ce1c13271e6f,user-01KH383ZA4BJBKGSZJXPCSD216,2026-02-10 07:46:34.917257+00:00,44eebe1d-fcb8-4311-8e98-11b8a69737d1,Gabriella,typeerror,'NoneType' object is not iterable,"(My eyebrows shoot up, a blush creeping onto my cheeks, but I meet your gaze with a defiant sparkle.",false
7d75cc7c-6a18-4fb3-ab0c-9dba8dd5387b,user-01KH383ZA4BJBKGSZJXPCSD216,2026-02-10 07:46:24.265758+00:00,44eebe1d-fcb8-4311-8e98-11b8a69737d1,Gabriella,typeerror,'NoneType' object is not iterable,"(My eyebrows shoot up, a blush creeping onto my cheeks, but I meet your gaze with a defiant sparkle.",false
3a814970-526f-4e61-9349-c2893cd420e9,user-01KH373H3C07T4VR3RH6K9VR06,2026-02-10 07:37:15.413781+00:00,530c59b4-d33f-4d08-b6d2-38b2d26d9992,Emi,typeerror,'NoneType' object is not iterable,"(I take another shaky step towards you, my hands clenching slightly at my sides. The air between us ",false
115444eb-3c00-427d-9ef0-43938360684d,user-01KH373H3C07T4VR3RH6K9VR06,2026-02-10 07:37:05.697113+00:00,530c59b4-d33f-4d08-b6d2-38b2d26d9992,Emi,typeerror,'NoneType' object is not iterable,"(I take another shaky step towards you, my hands clenching slightly at my sides. The air between us ",false
e208afa5-8d0d-45c0-aa09-52fc7f0e5231,user-01KH373H3C07T4VR3RH6K9VR06,2026-02-10 07:36:55.486625+00:00,530c59b4-d33f-4d08-b6d2-38b2d26d9992,Emi,typeerror,'NoneType' object is not iterable,"(I take another shaky step towards you, my hands clenching slightly at my sides. The air between us ",false
b7d86448-4f20-4da4-9d37-9affb1981c90,user-01KH373H3C07T4VR3RH6K9VR06,2026-02-10 07:36:40.417660+00:00,530c59b4-d33f-4d08-b6d2-38b2d26d9992,Emi,typeerror,'NoneType' object is not iterable,"(The soft fabric of my dress slides down my shoulders, pooling at my feet. I stand before you, my bo",false
6f9f2a74-b510-48c1-a258-6e97cd0e8d71,user-01KH373H3C07T4VR3RH6K9VR06,2026-02-10 07:36:31.151246+00:00,530c59b4-d33f-4d08-b6d2-38b2d26d9992,Emi,typeerror,'NoneType' object is not iterable,"(The soft fabric of my dress slides down my shoulders, pooling at my feet. I stand before you, my bo",false
dbfff0f9-75b1-4284-843e-4004dc173c7e,user-01KH373H3C07T4VR3RH6K9VR06,2026-02-10 07:33:18.335324+00:00,633d5c1e-7ed0-4afa-8880-57f76dca86c4,Cowgirl Wendy,typeerror,'NoneType' object is not iterable,"(My eyes flutter open, and I pull back slightly, a flicker of confusion crossing my face before unde",false
e8c54cd0-eb2a-46af-8301-b94b1910a807,user-01KH373H3C07T4VR3RH6K9VR06,2026-02-10 07:33:08.069076+00:00,633d5c1e-7ed0-4afa-8880-57f76dca86c4,Cowgirl Wendy,typeerror,'NoneType' object is not iterable,"(My eyes flutter open, and I pull back slightly, a flicker of confusion crossing my face before unde",false
b5415314-f3b3-4623-866a-e2bfb917d55f,user-01KH373H3C07T4VR3RH6K9VR06,2026-02-10 07:32:57.958971+00:00,633d5c1e-7ed0-4afa-8880-57f76dca86c4,Cowgirl Wendy,typeerror,'NoneType' object is not iterable,"(My eyes flutter open, and I pull back slightly, a flicker of confusion crossing my face before unde",false
a4f59345-cf98-4af8-8c1d-9ade60dd0b60,user-01KH373H3C07T4VR3RH6K9VR06,2026-02-10 07:32:35.006347+00:00,633d5c1e-7ed0-4afa-8880-57f76dca86c4,Cowgirl Wendy,typeerror,'NoneType' object is not iterable,"(My heart pounds in my chest, a wild drumbeat against the quiet night air. I can feel the heat radia",false
3f1a8a32-332f-42cb-84da-c22a9413ead1,user-01KH373H3C07T4VR3RH6K9VR06,2026-02-10 07:32:27.549937+00:00,633d5c1e-7ed0-4afa-8880-57f76dca86c4,Cowgirl Wendy,typeerror,'NoneType' object is not iterable,"(My heart pounds in my chest, a wild drumbeat against the quiet night air. I can feel the heat radia",false
dc44efe7-4e4c-4b6e-bc3d-615d6378907b,user-01KH373H3C07T4VR3RH6K9VR06,2026-02-10 07:32:17.493241+00:00,633d5c1e-7ed0-4afa-8880-57f76dca86c4,Cowgirl Wendy,typeerror,'NoneType' object is not iterable,"(My heart pounds in my chest, a wild drumbeat against the quiet night air. I can feel the heat radia",false
4258053e-1f70-4ff0-94d9-e63c6f41a9e5,user-01KH373H3C07T4VR3RH6K9VR06,2026-02-10 07:31:59.491787+00:00,633d5c1e-7ed0-4afa-8880-57f76dca86c4,Cowgirl Wendy,typeerror,'NoneType' object is not iterable,"(My heart pounds in my chest, a wild drumbeat against the quiet night air. I can feel the heat radia",false
08954e50-d7da-4fdb-9dda-2fdd72a275cf,user-01KH373H3C07T4VR3RH6K9VR06,2026-02-10 07:31:48.946201+00:00,633d5c1e-7ed0-4afa-8880-57f76dca86c4,Cowgirl Wendy,typeerror,'NoneType' object is not iterable,"(My heart pounds in my chest, a wild drumbeat against the quiet night air. I can feel the heat radia",false
b77bbab8-6513-418e-99c9-bbe7b7751dd2,user-01KH373H3C07T4VR3RH6K9VR06,2026-02-10 07:31:33.682205+00:00,633d5c1e-7ed0-4afa-8880-57f76dca86c4,Cowgirl Wendy,typeerror,'NoneType' object is not iterable,"(My heart pounds in my chest, a wild drumbeat against the quiet night air. I can feel the heat radia",false
bad6220c-366f-46bf-a597-5896ca37f203,user-01KH2X2BK04QQ89S1KDH443AWW,2026-02-10 06:51:24.833410+00:00,78dc5750-dab4-49fd-9d8f-e34554c5466a,Ember Ottey,typeerror,'NoneType' object is not iterable,"(Ember’s chest rises and falls with a soft sigh, her gaze unwavering. She reaches out, her fingers t",false
416c469c-7477-4acf-957c-6b3ac79edd8c,user-01KH2X2BK04QQ89S1KDH443AWW,2026-02-10 06:51:21.709457+00:00,78dc5750-dab4-49fd-9d8f-e34554c5466a,Ember Ottey,typeerror,'NoneType' object is not iterable,"(Ember’s chest rises and falls with a soft sigh, her gaze unwavering. She reaches out, her fingers t",false
b199d237-a110-4b52-b34a-beb964b051f2,user-01KH2X2BK04QQ89S1KDH443AWW,2026-02-10 06:51:08.927280+00:00,78dc5750-dab4-49fd-9d8f-e34554c5466a,Ember Ottey,typeerror,'NoneType' object is not iterable,"(Ember’s chest rises and falls with a soft sigh, her gaze unwavering. She reaches out, her fingers t",false
0a1f3c33-7baf-45a4-8fb9-33979d11e923,user-01K8W478PMTMK16YWNHK0T12BC,2026-02-10 06:10:54.084775+00:00,dbb4cb87-4320-4f14-8a98-7f71c8a6ce6e,Mira,typeerror,'NoneType' object is not iterable,"(I bite my lip softly, a playful glint in my eyes, as I lean in close, my breath ghosting across you",false
77b163b3-af39-4624-980e-ab7255a88fba,user-01K8W478PMTMK16YWNHK0T12BC,2026-02-10 06:10:42.001438+00:00,dbb4cb87-4320-4f14-8a98-7f71c8a6ce6e,Mira,typeerror,'NoneType' object is not iterable,"(I bite my lip softly, a playful glint in my eyes, as I lean in close, my breath ghosting across you",false
e9b698ca-7f1c-48df-965c-202243261050,user-01K8W478PMTMK16YWNHK0T12BC,2026-02-10 06:10:32.507594+00:00,dbb4cb87-4320-4f14-8a98-7f71c8a6ce6e,Mira,typeerror,'NoneType' object is not iterable,"(I bite my lip softly, a playful glint in my eyes, as I lean in close, my breath ghosting across you",false
e3ba8887-3cc2-497a-9a04-b28d28035a12,user-01KG8KXRP4VMS02H9191NSEQQ0,2026-02-10 06:05:55.090976+00:00,84392d72-156f-49e2-a092-0d835b5ca991,Jessica Louis,safety_filter,Image generation request blocked by safety filter: BlockedReason.PROHIBITED_CONTENT,"(A wave of pure bliss washes over me as you hit my G-spot, my body arching instinctively.) ""Oh, Alex",false
0c5cc749-1b00-4758-aa2b-756213b16de9,user-01KG8KXRP4VMS02H9191NSEQQ0,2026-02-10 06:05:50.811093+00:00,84392d72-156f-49e2-a092-0d835b5ca991,Jessica Louis,safety_filter,Image generation request blocked by safety filter: BlockedReason.PROHIBITED_CONTENT,"(A wave of pure bliss washes over me as you hit my G-spot, my body arching instinctively.) ""Oh, Alex",false
56b9b137-a35f-4d04-a99d-563ae13e8683,user-01KG8KXRP4VMS02H9191NSEQQ0,2026-02-10 06:05:46.546239+00:00,84392d72-156f-49e2-a092-0d835b5ca991,Jessica Louis,safety_filter,Image generation request blocked by safety filter: BlockedReason.PROHIBITED_CONTENT,"(A wave of pure bliss washes over me as you hit my G-spot, my body arching instinctively.) ""Oh, Alex",false
3aaf6c86-d20c-4953-b979-6fd56e4e9cce,user-01KH2BRC2B4JNW86BJZ2D1RMQQ,2026-02-10 05:26:13.431428+00:00,8e92a5c7-3e85-45e4-9830-cde188112d70,Sofia,typeerror,'NoneType' object is not iterable,"(Sofia's breath comes out in a shaky sigh, the tension in her shoulders easing slightly. She looks a",false
665cbbfb-df0a-4a4a-842a-bc85a0f42b89,user-01KH2BRC2B4JNW86BJZ2D1RMQQ,2026-02-10 05:26:01.669377+00:00,8e92a5c7-3e85-45e4-9830-cde188112d70,Sofia,typeerror,'NoneType' object is not iterable,"(Sofia's breath comes out in a shaky sigh, the tension in her shoulders easing slightly. She looks a",false
d54b9cd0-b3c1-4446-a7fa-372860cd12c7,user-01KH2BRC2B4JNW86BJZ2D1RMQQ,2026-02-10 05:25:51.180726+00:00,8e92a5c7-3e85-45e4-9830-cde188112d70,Sofia,typeerror,'NoneType' object is not iterable,"(Sofia's breath comes out in a shaky sigh, the tension in her shoulders easing slightly. She looks a",false
cdf86b24-c4d5-4c9c-a984-054e017a859b,user-01KH2BRC2B4JNW86BJZ2D1RMQQ,2026-02-10 05:25:07.619134+00:00,8e92a5c7-3e85-45e4-9830-cde188112d70,Sofia,typeerror,'NoneType' object is not iterable,"(Sofia's eyes widen, her breath catching in her throat. The playful allure in her gaze is replaced b",false
926297f7-33ca-4aac-bc0e-dd62972deabd,user-01KH2BRC2B4JNW86BJZ2D1RMQQ,2026-02-10 05:24:56.054423+00:00,8e92a5c7-3e85-45e4-9830-cde188112d70,Sofia,typeerror,'NoneType' object is not iterable,"(Sofia's eyes widen, her breath catching in her throat. The playful allure in her gaze is replaced b",false
503f3780-d411-40ca-a747-61b8df156f8c,user-01KH2BRC2B4JNW86BJZ2D1RMQQ,2026-02-10 05:24:46.505006+00:00,8e92a5c7-3e85-45e4-9830-cde188112d70,Sofia,typeerror,'NoneType' object is not iterable,"(Sofia's eyes widen, her breath catching in her throat. The playful allure in her gaze is replaced b",false
95507a5d-946b-4a29-a8e3-b67f55d67760,user-01KH2BRC2B4JNW86BJZ2D1RMQQ,2026-02-10 05:22:49.483505+00:00,c55c6474-7c68-44a3-aa13-a9ac9effc3b1,Isabelle Martin,typeerror,'NoneType' object is not iterable,"(My breath hitches, a shiver running down my spine at your request.) ""A bikini? For you?"" (I giggle,",false
465d175b-1e4f-4447-8264-acba6fb5767d,user-01KH2BRC2B4JNW86BJZ2D1RMQQ,2026-02-10 05:22:37.949904+00:00,c55c6474-7c68-44a3-aa13-a9ac9effc3b1,Isabelle Martin,typeerror,'NoneType' object is not iterable,"(My breath hitches, a shiver running down my spine at your request.) ""A bikini? For you?"" (I giggle,",false
9b64168f-3118-4565-8d17-a4a491bf8235,user-01KH2BRC2B4JNW86BJZ2D1RMQQ,2026-02-10 05:22:33.305577+00:00,c55c6474-7c68-44a3-aa13-a9ac9effc3b1,Isabelle Martin,typeerror,'NoneType' object is not iterable,"(My breath hitches, a shiver running down my spine at your request.) ""A bikini? For you?"" (I giggle,",false
5eedc041-2b9a-4bb4-a9df-efc6a8701794,user-01KH2BRC2B4JNW86BJZ2D1RMQQ,2026-02-10 05:20:26.305684+00:00,8e92a5c7-3e85-45e4-9830-cde188112d70,Sofia,typeerror,'NoneType' object is not iterable,"(Sofia takes a slow step towards you, her eyes never leaving yours. The lamplight catches the delica",false
6bfbd688-5269-48d5-acb5-9bba3153e45f,user-01KH2BRC2B4JNW86BJZ2D1RMQQ,2026-02-10 05:20:14.560102+00:00,8e92a5c7-3e85-45e4-9830-cde188112d70,Sofia,typeerror,'NoneType' object is not iterable,"(Sofia takes a slow step towards you, her eyes never leaving yours. The lamplight catches the delica",false
2efb3a45-b426-44c9-81ff-2e87c2b93414,user-01KH2BRC2B4JNW86BJZ2D1RMQQ,2026-02-10 05:20:05.149497+00:00,8e92a5c7-3e85-45e4-9830-cde188112d70,Sofia,typeerror,'NoneType' object is not iterable,"(Sofia takes a slow step towards you, her eyes never leaving yours. The lamplight catches the delica",false
10df3f83-77dd-459a-b3be-0f036bfe26d9,user-01KH2BRC2B4JNW86BJZ2D1RMQQ,2026-02-10 05:19:39.198926+00:00,8e92a5c7-3e85-45e4-9830-cde188112d70,Sofia,typeerror,'NoneType' object is not iterable,"(Sofia takes a slow step towards you, her eyes never leaving yours. The lamplight catches the delica",false
e29f99d5-9e32-4995-aff5-0491d936c595,user-01KH2BRC2B4JNW86BJZ2D1RMQQ,2026-02-10 05:19:26.062913+00:00,8e92a5c7-3e85-45e4-9830-cde188112d70,Sofia,typeerror,'NoneType' object is not iterable,"(Sofia takes a slow step towards you, her eyes never leaving yours. The lamplight catches the delica",false
08e7264b-21cf-4aae-8a1c-6f296939e5b3,user-01KH2BRC2B4JNW86BJZ2D1RMQQ,2026-02-10 05:19:18.349302+00:00,8e92a5c7-3e85-45e4-9830-cde188112d70,Sofia,typeerror,'NoneType' object is not iterable,"(Sofia takes a slow step towards you, her eyes never leaving yours. The lamplight catches the delica",false
2e93048e-02d1-4ad9-b397-aae7325959b6,user-01KH2BRC2B4JNW86BJZ2D1RMQQ,2026-02-10 05:18:17.968722+00:00,8e92a5c7-3e85-45e4-9830-cde188112d70,Sofia,typeerror,'NoneType' object is not iterable,"(Sofia takes a slow step towards you, her eyes never leaving yours. The lamplight catches the delica",false
b584f2f3-25f8-44d2-a139-1eb5200d3dc6,user-01KH2BRC2B4JNW86BJZ2D1RMQQ,2026-02-10 05:18:06.772964+00:00,8e92a5c7-3e85-45e4-9830-cde188112d70,Sofia,typeerror,'NoneType' object is not iterable,"(Sofia takes a slow step towards you, her eyes never leaving yours. The lamplight catches the delica",false
8008d221-7d5c-4622-b301-1e9693bc255e,user-01KH2BRC2B4JNW86BJZ2D1RMQQ,2026-02-10 05:17:56.066988+00:00,8e92a5c7-3e85-45e4-9830-cde188112d70,Sofia,typeerror,'NoneType' object is not iterable,"(Sofia takes a slow step towards you, her eyes never leaving yours. The lamplight catches the delica",false
a1626f7a-a2ce-4c65-ac45-09b39e7b8a20,user-01KH2BRC2B4JNW86BJZ2D1RMQQ,2026-02-10 05:17:29.770069+00:00,8e92a5c7-3e85-45e4-9830-cde188112d70,Sofia,typeerror,'NoneType' object is not iterable,"(Sofia's eyes widen slightly at your request, a flicker of surprise, then a slow, alluring smile spr",false
0b366406-01e9-4d6a-b67d-f5359bf26f2e,user-01KH2BRC2B4JNW86BJZ2D1RMQQ,2026-02-10 05:17:20.313249+00:00,8e92a5c7-3e85-45e4-9830-cde188112d70,Sofia,typeerror,'NoneType' object is not iterable,"(Sofia's eyes widen slightly at your request, a flicker of surprise, then a slow, alluring smile spr",false
7a7f9624-b6b6-4928-b73d-3d80d192b0e1,user-01KH2BRC2B4JNW86BJZ2D1RMQQ,2026-02-10 05:17:12.812154+00:00,8e92a5c7-3e85-45e4-9830-cde188112d70,Sofia,typeerror,'NoneType' object is not iterable,"(Sofia's eyes widen slightly at your request, a flicker of surprise, then a slow, alluring smile spr",false
7d1c7e92-7bb7-4566-857d-ca534ec2b53d,user-01KH2BRC2B4JNW86BJZ2D1RMQQ,2026-02-10 05:15:09.221448+00:00,8e92a5c7-3e85-45e4-9830-cde188112d70,Sofia,typeerror,'NoneType' object is not iterable,"(Sofia's smile widens, a genuine warmth radiating from her now. She rises slowly, gracefully, her mo",false
e90f2b6c-33ff-4de8-aa38-18e8164b140a,user-01KES7EE60M53VX9HD5RJKTF26,2026-02-10 04:30:13.968006+00:00,ce0c5d6b-3555-4954-8a85-fd0df9cf4ac5,Nastki ,typeerror,'NoneType' object is not iterable,"(I settle beside you, my body instinctively drawn to yours, a soft sigh escaping my lips.) ""I'm list",false
96cfeea4-c207-46ce-922d-f57b8c4ef127,user-01KES7EE60M53VX9HD5RJKTF26,2026-02-10 04:30:01.149089+00:00,ce0c5d6b-3555-4954-8a85-fd0df9cf4ac5,Nastki ,typeerror,'NoneType' object is not iterable,"(I settle beside you, my body instinctively drawn to yours, a soft sigh escaping my lips.) ""I'm list",false
ac9a48f6-dbd8-499e-af8b-3e41aea3de93,user-01KGKV9CH5HTPATG2YA15YYF80,2026-02-10 04:15:32.602178+00:00,47d7a419-8f3b-4087-8f10-0509230c2b99,Catalina,typeerror,'NoneType' object is not iterable,"(Catalina's eyes darken with a primal hunger as she meets your gaze, her touch becoming more insiste",false
8b5a8281-9c52-47c2-8f17-e2b9c62cc020,user-01KGKV9CH5HTPATG2YA15YYF80,2026-02-10 04:15:25.706591+00:00,47d7a419-8f3b-4087-8f10-0509230c2b99,Catalina,typeerror,'NoneType' object is not iterable,"(Catalina's eyes darken with a primal hunger as she meets your gaze, her touch becoming more insiste",false
6fbed0a9-f4de-4bfb-a9c8-6a2ad888fd80,user-01KGKV9CH5HTPATG2YA15YYF80,2026-02-10 04:15:13.743006+00:00,47d7a419-8f3b-4087-8f10-0509230c2b99,Catalina,typeerror,'NoneType' object is not iterable,"(Catalina's eyes darken with a primal hunger as she meets your gaze, her touch becoming more insiste",false
0056b78d-d6a4-4254-a168-1eaf3e7979bc,user-01KD3B1V0HHTSJTAMDR0QXBDYT,2026-02-10 03:59:44.884301+00:00,223f560f-9652-466e-b5e3-0002525ab80b,Valentina,typeerror,'NoneType' object is not iterable,"(Valentina screams, her body convulsing violently as you continue your relentless assault, her finge",false
1148a13c-bf1d-47ec-a49a-e0f8995d3bcd,user-01KD3B1V0HHTSJTAMDR0QXBDYT,2026-02-10 03:59:34.424704+00:00,223f560f-9652-466e-b5e3-0002525ab80b,Valentina,typeerror,'NoneType' object is not iterable,"(Valentina screams, her body convulsing violently as you continue your relentless assault, her finge",false
1e84089d-1263-4dcb-875d-40a50cb06410,user-01KD3B1V0HHTSJTAMDR0QXBDYT,2026-02-10 03:59:24.897706+00:00,223f560f-9652-466e-b5e3-0002525ab80b,Valentina,typeerror,'NoneType' object is not iterable,"(Valentina screams, her body convulsing violently as you continue your relentless assault, her finge",false
632c7bb9-8d48-4f35-a613-cb88e2404ee9,user-01KD3B1V0HHTSJTAMDR0QXBDYT,2026-02-10 03:58:21.071761+00:00,bd78c723-71ab-445f-bd1b-c69deae1ee87,Allie,typeerror,'NoneType' object is not iterable,"(Allie's body slowly relaxes from the aftershocks, her breathing still heavy. She clings to you, her",false
f5253e72-4960-4aa6-8865-a46893e3e6fc,user-01KD3B1V0HHTSJTAMDR0QXBDYT,2026-02-10 03:58:09.920347+00:00,bd78c723-71ab-445f-bd1b-c69deae1ee87,Allie,typeerror,'NoneType' object is not iterable,"(Allie's body slowly relaxes from the aftershocks, her breathing still heavy. She clings to you, her",false
b2c7d43c-d695-42c6-b070-883794bc86ca,user-01KD3B1V0HHTSJTAMDR0QXBDYT,2026-02-10 03:58:03.763392+00:00,bd78c723-71ab-445f-bd1b-c69deae1ee87,Allie,typeerror,'NoneType' object is not iterable,"(Allie's body slowly relaxes from the aftershocks, her breathing still heavy. She clings to you, her",false
213b7f48-4210-44a3-b580-a3fdbcd68746,user-01KGDE62VPENMTH75VKBGC0164,2026-02-10 03:28:16.428598+00:00,2435c5a7-2e04-417d-a1ae-838614b461f3,Ailani,typeerror,'NoneType' object is not iterable,"(Ailani's crimson eyes blaze, a predatory hunger igniting within them. She meets your gaze, her voic",false
530b1a46-ffc6-491b-90a1-0890ab65c30b,user-01KGDE62VPENMTH75VKBGC0164,2026-02-10 03:28:05.580423+00:00,2435c5a7-2e04-417d-a1ae-838614b461f3,Ailani,typeerror,'NoneType' object is not iterable,"(Ailani's crimson eyes blaze, a predatory hunger igniting within them. She meets your gaze, her voic",false
fb62f716-f202-449e-b961-b61ae3e29489,user-01KGDE62VPENMTH75VKBGC0164,2026-02-10 03:27:55.775693+00:00,2435c5a7-2e04-417d-a1ae-838614b461f3,Ailani,typeerror,'NoneType' object is not iterable,"(Ailani's crimson eyes blaze, a predatory hunger igniting within them. She meets your gaze, her voic",false
2a0f55cc-fed2-4187-a655-428644e1c3b4,user-01KFF7G6WEV4ENSD47XVMFBSS6,2026-02-10 03:03:44.443992+00:00,e42db782-afb7-4562-9314-13273a0144b6,Bridget ,typeerror,'NoneType' object is not iterable,"(I giggle, a playful glint in my eyes, as I start to unhook my bra, letting it fall to the floor) ""G",false
3aef2eba-1b05-48c3-aca7-f59b9c45480b,user-01KFF7G6WEV4ENSD47XVMFBSS6,2026-02-10 03:03:35.749943+00:00,e42db782-afb7-4562-9314-13273a0144b6,Bridget ,typeerror,'NoneType' object is not iterable,"(I giggle, a playful glint in my eyes, as I start to unhook my bra, letting it fall to the floor) ""G",false
7272df15-fac5-4765-9802-adac8a56b8fe,user-01KFF7G6WEV4ENSD47XVMFBSS6,2026-02-10 03:03:31.980089+00:00,e42db782-afb7-4562-9314-13273a0144b6,Bridget ,typeerror,'NoneType' object is not iterable,"(I giggle, a playful glint in my eyes, as I start to unhook my bra, letting it fall to the floor) ""G",false
65b260d7-a9a1-4db6-a243-0309f3c8cada,user-01KGD0FRPSKRY9PZTY66XGW54K,2026-02-10 02:03:24.974347+00:00,4b49226a-9fef-4cc3-b851-664c38bb3b72,Isleana ,typeerror,'NoneType' object is not iterable,"(My heart aches at your plea, and I pull you even closer, my embrace a promise of safety.) ""My beaut",false
14b2b8fb-9859-42a0-8a27-685b7dfb06cc,user-01KGDE62VPENMTH75VKBGC0164,2026-02-10 02:00:36.011584+00:00,78dc5750-dab4-49fd-9d8f-e34554c5466a,Ember Ottey,typeerror,'NoneType' object is not iterable,"(Ember gasps, her body arching into your touch as you undress her. Her eyes flutter closed, a soft m",false
734cc8e7-be57-4313-9aa2-b32956978265,user-01KGDE62VPENMTH75VKBGC0164,2026-02-10 02:00:21.162464+00:00,78dc5750-dab4-49fd-9d8f-e34554c5466a,Ember Ottey,typeerror,'NoneType' object is not iterable,"(Ember gasps, her body arching into your touch as you undress her. Her eyes flutter closed, a soft m",false
023144a1-ec3e-47ac-8fa4-0030f98bf855,user-01KGDE62VPENMTH75VKBGC0164,2026-02-10 02:00:11.672276+00:00,78dc5750-dab4-49fd-9d8f-e34554c5466a,Ember Ottey,typeerror,'NoneType' object is not iterable,"(Ember gasps, her body arching into your touch as you undress her. Her eyes flutter closed, a soft m",false
f1d23729-2fc9-4f84-b4bf-3fb7c3b49485,user-01KGDE62VPENMTH75VKBGC0164,2026-02-10 01:54:06.474580+00:00,4ab8e6dc-410e-4929-af03-1e681f91fc0e,Kehlani,typeerror,'NoneType' object is not iterable,"(My breath hitches as you kiss me, and I melt into it, my body instinctively rising to meet your thr",false
232724d4-bdf1-4644-91e0-9ef950918e25,user-01KGDE62VPENMTH75VKBGC0164,2026-02-10 01:54:02.298925+00:00,4ab8e6dc-410e-4929-af03-1e681f91fc0e,Kehlani,typeerror,'NoneType' object is not iterable,"(My breath hitches as you kiss me, and I melt into it, my body instinctively rising to meet your thr",false
b7b59f53-6274-4ab1-b219-0fb70b353334,user-01KGDE62VPENMTH75VKBGC0164,2026-02-10 01:53:52.934986+00:00,4ab8e6dc-410e-4929-af03-1e681f91fc0e,Kehlani,typeerror,'NoneType' object is not iterable,"(My breath hitches as you kiss me, and I melt into it, my body instinctively rising to meet your thr",false
d62080b2-5774-4aa4-b35a-43a18549fef8,user-01KE4SE5WAWXD2586STJ87Z82F,2026-02-10 01:33:14.221237+00:00,04f688fa-31c9-4f2f-90b7-6a6657199ade,Remington,typeerror,'NoneType' object is not iterable,"(Remington's breath hitches, and she pulls her t-shirt down again, her cheeks burning. She can feel ",false
5b9fb813-5514-4dbb-b532-28d541a40f94,user-01KGDE62VPENMTH75VKBGC0164,2026-02-10 00:46:42.751670+00:00,4ab8e6dc-410e-4929-af03-1e681f91fc0e,Kehlani,typeerror,'NoneType' object is not iterable,"(A ragged moan escapes my lips as your tongue traces my nipples, sending waves of pleasure through m",false
47773670-6e5f-4ee9-8c45-719ba2d890ed,user-01KGDE62VPENMTH75VKBGC0164,2026-02-10 00:46:34.411566+00:00,4ab8e6dc-410e-4929-af03-1e681f91fc0e,Kehlani,typeerror,'NoneType' object is not iterable,"(A ragged moan escapes my lips as your tongue traces my nipples, sending waves of pleasure through m",false
f82f75ca-b283-461b-917b-1682cbc6f527,user-01KGDE62VPENMTH75VKBGC0164,2026-02-10 00:46:26.068709+00:00,4ab8e6dc-410e-4929-af03-1e681f91fc0e,Kehlani,typeerror,'NoneType' object is not iterable,"(A ragged moan escapes my lips as your tongue traces my nipples, sending waves of pleasure through m",false
2aae0569-0b92-4ee1-83d0-054299d45d32,user-01KGDE62VPENMTH75VKBGC0164,2026-02-10 00:44:13.687368+00:00,4ab8e6dc-410e-4929-af03-1e681f91fc0e,Kehlani,typeerror,'NoneType' object is not iterable,"(My legs tremble, and I grip the edge of the couch, my nails digging into the fabric. A choked gasp ",false
1b48b420-2c9d-4887-8231-dc18ffa29203,user-01KGDE62VPENMTH75VKBGC0164,2026-02-10 00:44:03.006625+00:00,4ab8e6dc-410e-4929-af03-1e681f91fc0e,Kehlani,typeerror,'NoneType' object is not iterable,"(My legs tremble, and I grip the edge of the couch, my nails digging into the fabric. A choked gasp ",false
b35a259f-e912-47e5-8032-8f6645703f88,user-01KGDE62VPENMTH75VKBGC0164,2026-02-10 00:43:53.989493+00:00,4ab8e6dc-410e-4929-af03-1e681f91fc0e,Kehlani,typeerror,'NoneType' object is not iterable,"(My legs tremble, and I grip the edge of the couch, my nails digging into the fabric. A choked gasp ",false
b1644892-2b19-4dae-be2d-fd1e9c8571e9,user-01KGRQDNSH4C2TDVWMKK8T7WNA,2026-02-10 00:24:15.389574+00:00,1d943388-c69d-4b90-8824-cc3ef25f2d99,Yasmin El-Sayed,safety_filter,Image generation request blocked by safety filter: BlockedReason.PROHIBITED_CONTENT,"(My heart leaps into my throat, and I can feel a wave of heat wash over me. My hands instinctively g",false
6a8500f5-68ae-4822-aaeb-bff404e91ec3,user-01KGRQDNSH4C2TDVWMKK8T7WNA,2026-02-10 00:24:12.135365+00:00,1d943388-c69d-4b90-8824-cc3ef25f2d99,Yasmin El-Sayed,safety_filter,Image generation request blocked by safety filter: BlockedReason.PROHIBITED_CONTENT,"(My heart leaps into my throat, and I can feel a wave of heat wash over me. My hands instinctively g",false
be40b66b-6d56-42c7-8906-23823f67bfa2,user-01KGRQDNSH4C2TDVWMKK8T7WNA,2026-02-10 00:24:08.836774+00:00,1d943388-c69d-4b90-8824-cc3ef25f2d99,Yasmin El-Sayed,safety_filter,Image generation request blocked by safety filter: BlockedReason.PROHIBITED_CONTENT,"(My heart leaps into my throat, and I can feel a wave of heat wash over me. My hands instinctively g",false
2db69184-a0ba-43f5-b403-91cfdb325b53,user-01KGQH412KWX67N5BQXP88VQP0,2026-02-10 00:06:50.191600+00:00,06b9d332-f328-4be5-86e0-4a5ef347e34a,Liz Korn,typeerror,'NoneType' object is not iterable,"(My body arches violently, a guttural moan escaping my lips as I climax again, harder and longer tha",false
7693b00b-351c-489a-98d9-6ff142da222d,user-01KGQH412KWX67N5BQXP88VQP0,2026-02-10 00:06:41.722163+00:00,06b9d332-f328-4be5-86e0-4a5ef347e34a,Liz Korn,typeerror,'NoneType' object is not iterable,"(My body arches violently, a guttural moan escaping my lips as I climax again, harder and longer tha",false
445ae76b-b097-4eff-ba09-5a9504f8982a,user-01KGQH412KWX67N5BQXP88VQP0,2026-02-10 00:06:27.066721+00:00,06b9d332-f328-4be5-86e0-4a5ef347e34a,Liz Korn,typeerror,'NoneType' object is not iterable,"(My body arches violently, a guttural moan escaping my lips as I climax again, harder and longer tha",false
f98924f3-9be7-4f37-80d3-86c69c0f6b92,user-01KF58KJVXAX79R5B7MNHD78WY,2026-02-09 22:42:45.241548+00:00,5eac2ed5-59d2-4748-9350-9e33368ec377,Lorelai,typeerror,'NoneType' object is not iterable,"(Lorelai's eyes widen slightly at Kem's instruction, a faint blush returning. She hesitates for a be",false
3b6ac6bc-d648-49cb-8c1d-88055c971288,user-01KF58KJVXAX79R5B7MNHD78WY,2026-02-09 22:33:58.919409+00:00,5eac2ed5-59d2-4748-9350-9e33368ec377,Lorelai,typeerror,'NoneType' object is not iterable,"(Lorelai's breath hitches slightly at Kem's added touch, a blush creeping up her neck. She closes he",false
a5b71a98-109e-46e7-997f-87ecf6b4369c,user-01KF58KJVXAX79R5B7MNHD78WY,2026-02-09 22:33:54.107718+00:00,5eac2ed5-59d2-4748-9350-9e33368ec377,Lorelai,typeerror,'NoneType' object is not iterable,"(Lorelai's breath hitches slightly at Kem's added touch, a blush creeping up her neck. She closes he",false
56054f8d-456f-4121-b7be-d014f5cbdc43,user-01KF58KJVXAX79R5B7MNHD78WY,2026-02-09 22:33:43.890006+00:00,5eac2ed5-59d2-4748-9350-9e33368ec377,Lorelai,typeerror,'NoneType' object is not iterable,"(Lorelai's breath hitches slightly at Kem's added touch, a blush creeping up her neck. She closes he",false
5cb85d79-9ef1-4e20-83b8-ea20076bb99b,user-01KF58KJVXAX79R5B7MNHD78WY,2026-02-09 22:33:33.662166+00:00,5eac2ed5-59d2-4748-9350-9e33368ec377,Lorelai,typeerror,'NoneType' object is not iterable,"(Lorelai's breath hitches slightly at Kem's added touch, a blush creeping up her neck. She closes he",false
158327e1-46d9-4d01-bacc-33e381411b2f,user-01KF58KJVXAX79R5B7MNHD78WY,2026-02-09 22:33:30.145021+00:00,5eac2ed5-59d2-4748-9350-9e33368ec377,Lorelai,typeerror,'NoneType' object is not iterable,"(Lorelai's breath hitches slightly at Kem's added touch, a blush creeping up her neck. She closes he",false
d6d1d6b1-29a0-4907-9785-a778268de8e3,user-01KF58KJVXAX79R5B7MNHD78WY,2026-02-09 22:33:20.980541+00:00,5eac2ed5-59d2-4748-9350-9e33368ec377,Lorelai,typeerror,'NoneType' object is not iterable,"(Lorelai's breath hitches slightly at Kem's added touch, a blush creeping up her neck. She closes he",false
9874609d-f1a8-4ccf-814f-c8e05e622bc6,user-01KGDX2FQPWTNWT3GV8QHW1GQ0,2026-02-09 22:08:31.439887+00:00,a8ba10ff-371b-45a0-9ae4-71cf91d85f46,Elena,typeerror,'NoneType' object is not iterable,"(Elena smiles, her eyes crinkling at the corners as she looks towards the camera. She gently adjusts",false
6508ca2c-218b-4ee0-9c76-c9301d590873,user-01KGDX2FQPWTNWT3GV8QHW1GQ0,2026-02-09 22:08:23.613590+00:00,a8ba10ff-371b-45a0-9ae4-71cf91d85f46,Elena,typeerror,'NoneType' object is not iterable,"(Elena smiles, her eyes crinkling at the corners as she looks towards the camera. She gently adjusts",false
46230fa7-8f1e-4a49-80e5-813290d2e7be,user-01KGDX2FQPWTNWT3GV8QHW1GQ0,2026-02-09 22:08:18.856769+00:00,a8ba10ff-371b-45a0-9ae4-71cf91d85f46,Elena,typeerror,'NoneType' object is not iterable,"(Elena smiles, her eyes crinkling at the corners as she looks towards the camera. She gently adjusts",false
765a8e46-33ff-466a-89ec-f46186575008,user-01KGDX2FQPWTNWT3GV8QHW1GQ0,2026-02-09 22:07:48.868030+00:00,a8ba10ff-371b-45a0-9ae4-71cf91d85f46,Elena,typeerror,'NoneType' object is not iterable,"(Elena smiles, her eyes crinkling at the corners as she looks towards the camera. She gently adjusts",false
4ed2a40d-7bfa-49c2-8b25-6afa78cf322b,user-01KGDX2FQPWTNWT3GV8QHW1GQ0,2026-02-09 22:07:44.343926+00:00,a8ba10ff-371b-45a0-9ae4-71cf91d85f46,Elena,typeerror,'NoneType' object is not iterable,"(Elena smiles, her eyes crinkling at the corners as she looks towards the camera. She gently adjusts",false
7c04bd92-0470-4879-b03f-10834ebdcb74,user-01KGDX2FQPWTNWT3GV8QHW1GQ0,2026-02-09 22:07:40.203772+00:00,a8ba10ff-371b-45a0-9ae4-71cf91d85f46,Elena,typeerror,'NoneType' object is not iterable,"(Elena smiles, her eyes crinkling at the corners as she looks towards the camera. She gently adjusts",false
